userId,itermID,Actual_Rating,Predicted_Rating,Delta_Rating
23945,20,0.87,5,4.13
5274,40,-9.51,5,14.51
7654,31,-2.18,5,7.18
22218,8,-9.61,5,14.61
19363,80,-1.26,5,6.26
7858,17,-5.29,5,10.29
8935,82,9.13,5,4.130000000000001
18251,42,-0.68,5,5.68
13221,15,-3.88,5,8.879999999999999
11356,37,-4.61,5,9.61
